,inflow,time,link_id
7031,0,406.12,4
7032,0,406.16,4
7033,0,406.2,4
7034,0,406.24,4
7035,0,406.28,4
7036,0,406.32,4
7037,0,406.36,4
7038,0,406.4,4
7039,0,406.44,4
7869,0,376.68,4
7871,0,376.72,4
7873,0,376.76,4
7875,0,376.8,4
7877,0,376.84,4
7879,0,376.88,4
7881,0,376.92,4
7883,0,376.96,4
7885,0,377.0,4
7887,0,377.04,4
10820,0,377.08,4
10822,0,377.12,4
10824,0,377.16,4
10826,0,377.2,4
10828,0,377.24,4
10829,0,377.28,4
10830,0,377.32,4
11421,0,378.08,4
11422,0,378.12,4
11423,0,378.16,4
11425,0,378.2,4
11427,0,378.24,4
11429,0,378.28,4
11431,0,378.32,4
11433,0,378.36,4
11435,0,378.4,4
11436,0,378.44,4
14039,0,376.64,4
14663,0,379.64,4
14664,0,379.68,4
14665,0,379.72,4
14666,0,379.76,4
14667,0,379.8,4
15150,0,378.72,4
15151,0,378.76,4
15152,0,378.8,4
15153,0,378.84,4
15154,0,378.88,4
15155,0,378.92,4
15156,0,378.96,4
15157,0,379.0,4
15158,0,379.04,4
15159,0,379.08,4
15160,0,379.12,4
15161,0,379.16,4
15162,0,379.2,4
15163,0,379.24,4
17962,0,384.56,4
17963,0,384.6,4
17964,0,384.64,4
17965,0,384.68,4
17966,0,384.72,4
17967,0,384.76,4
17968,0,384.8,4
17969,0,384.84,4
17970,0,384.88,4
17971,0,384.92,4
17972,0,384.96,4
17973,0,385.0,4
18505,0,380.44,4
18506,0,380.48,4
18507,0,380.52,4
18508,0,380.56,4
18509,0,380.6,4
18510,0,380.64,4
18511,0,380.68,4
19085,0,382.2,4
19086,0,382.24,4
19087,0,382.28,4
19088,0,382.32,4
19089,0,382.36,4
19090,0,382.4,4
19874,0,386.44,4
19876,0,386.48,4
19878,0,386.52,4
19880,0,386.56,4
19882,0,386.6,4
19884,0,386.64,4
19886,0,386.68,4
19888,0,386.72,4
19890,0,386.76,4
19892,0,386.8,4
19894,0,386.84,4
19896,0,386.88,4
19897,0,386.92,4
19898,0,386.96,4
19899,0,387.0,4
19900,0,387.04,4
19901,0,387.08,4
19902,0,387.12,4
19903,0,387.16,4
19904,0,387.2,4
19905,0,387.24,4
19906,0,387.28,4
20186,0,381.52,4
20187,0,381.56,4
20188,0,381.6,4
20189,0,381.64,4
20190,0,381.68,4
20191,0,381.72,4
20192,0,381.76,4
20193,0,381.8,4
20194,0,381.84,4
20195,0,381.88,4
20196,0,381.92,4
20197,0,381.96,4
20371,0,375.24,4
20372,0,375.28,4
20373,0,375.32,4
20374,0,375.36,4
20375,0,375.4,4
20376,0,375.44,4
20377,0,375.48,4
20378,0,375.52,4
20379,0,375.56,4
20788,0,383.16,4
20789,0,383.2,4
20790,0,383.24,4
20791,0,383.28,4
20792,0,383.32,4
20793,0,383.36,4
20794,0,383.4,4
20795,0,383.44,4
20796,0,383.48,4
20797,0,383.52,4
20798,0,383.56,4
20799,0,383.6,4
21805,0,420.96,4
21806,0,421.0,4
21807,0,421.04,4
21808,0,421.08,4
21809,0,421.12,4
21810,0,421.16,4
21811,0,421.2,4
21812,0,421.24,4
21813,0,421.28,4
21815,0,421.32,4
22589,0,422.44,4
22590,0,422.48,4
22591,0,422.52,4
22592,0,422.56,4
22593,0,422.6,4
22594,0,422.64,4
22595,0,422.68,4
22596,0,422.72,4
22597,0,422.76,4
22598,0,422.8,4
22599,0,422.84,4
22600,0,422.88,4
22601,0,422.92,4
22603,0,422.96,4
23991,0,425.16,4
23992,0,425.2,4
23993,0,425.24,4
23994,0,425.28,4
23995,0,425.32,4
23996,0,425.36,4
23997,0,425.4,4
23998,0,425.44,4
23999,0,425.48,4
24000,0,425.52,4
26620,0,390.24,4
26621,0,390.28,4
26622,0,390.32,4
26623,0,390.36,4
26624,0,390.4,4
26625,0,390.44,4
26626,0,390.48,4
26627,0,390.52,4
26628,0,390.56,4
26629,0,390.6,4
26630,0,390.64,4
26631,0,390.68,4
26632,0,390.72,4
26633,0,390.76,4
26634,0,390.8,4
27357,0,387.68,4
27358,0,387.72,4
27359,0,387.76,4
27360,0,387.8,4
27361,0,387.84,4
27362,0,387.88,4
27363,0,387.92,4
27364,0,387.96,4
27365,0,388.0,4
27366,0,388.04,4
27367,0,388.08,4
27368,0,388.12,4
30723,0,423.0,4
30724,0,423.04,4
30725,0,423.08,4
31304,0,388.76,4
31305,0,388.8,4
31306,0,388.84,4
31307,0,388.88,4
31308,0,388.92,4
31309,0,388.96,4
31310,0,389.0,4
31311,0,389.04,4
31312,0,389.08,4
31313,0,389.12,4
31314,0,389.16,4
31315,0,389.2,4
31316,0,389.24,4
31317,0,389.28,4
32223,0,393.32,4
32224,0,393.36,4
32225,0,393.4,4
32226,0,393.44,4
32227,0,393.48,4
32228,0,393.52,4
32229,0,393.56,4
32230,0,393.6,4
32231,0,393.64,4
32232,0,393.68,4
32233,0,393.72,4
32234,0,393.76,4
32235,0,393.8,4
32236,0,393.84,4
32237,0,393.88,4
34059,0,429.48,4
34060,0,429.52,4
34061,0,429.56,4
34062,0,429.6,4
34063,0,429.64,4
34064,0,429.68,4
34065,0,429.72,4
34066,0,429.76,4
34067,0,429.8,4
34068,0,429.84,4
34069,0,429.88,4
34070,0,429.92,4
34071,0,429.96,4
34637,0,389.44,4
34638,0,389.48,4
34639,0,389.52,4
34640,0,389.56,4
34641,0,389.6,4
35389,0,394.04,4
35390,0,394.08,4
35391,0,394.12,4
35392,0,394.16,4
35393,0,394.2,4
35394,0,394.24,4
35395,0,394.28,4
35396,0,394.32,4
35397,0,394.36,4
35398,0,394.4,4
35399,0,394.44,4
35400,0,394.48,4
35401,0,394.52,4
36984,0,434.76,4
36985,0,434.8,4
36986,0,434.84,4
36987,0,434.88,4
36989,0,434.92,4
36991,0,434.96,4
36993,0,435.0,4
36995,0,435.04,4
36997,0,435.08,4
36999,0,435.12,4
37000,0,435.16,4
37001,0,435.2,4
37002,0,435.24,4
41010,0,423.4,4
41011,0,423.44,4
41012,0,423.48,4
41013,0,423.52,4
41014,0,423.56,4
41015,0,423.6,4
41016,0,423.64,4
41017,0,423.68,4
41018,0,423.72,4
41019,0,423.76,4
41020,0,423.8,4
41021,0,423.84,4
41022,0,423.88,4
41023,0,423.92,4
41575,0,427.52,4
41576,0,427.56,4
41577,0,427.6,4
41578,0,427.64,4
41579,0,427.68,4
41580,0,427.72,4
41581,0,427.76,4
41582,0,427.8,4
41583,0,427.84,4
41584,0,427.88,4
41585,0,427.92,4
41586,0,427.96,4
41587,0,428.0,4
42322,0,426.8,4
42323,0,426.84,4
42324,0,426.88,4
42325,0,426.92,4
42326,0,426.96,4
42327,0,427.0,4
42328,0,427.04,4
42329,0,427.08,4
42766,0,396.0,4
42767,0,396.04,4
42768,0,396.08,4
42769,0,396.12,4
42770,0,396.16,4
42771,0,396.2,4
42772,0,396.24,4
42773,0,396.28,4
42774,0,396.32,4
42775,0,396.36,4
42776,0,396.4,4
42777,0,396.44,4
42778,0,396.48,4
42779,0,396.52,4
42780,0,396.56,4
42781,0,396.6,4
42782,0,396.64,4
42783,0,396.68,4
42784,0,396.72,4
42785,0,396.76,4
42786,0,396.8,4
42787,0,396.84,4
43929,0,421.36,4
43930,0,421.4,4
43931,0,421.44,4
44494,0,419.16,4
44495,0,419.2,4
44496,0,419.24,4
44497,0,419.28,4
44498,0,419.32,4
46974,0,437.76,4
46975,0,437.8,4
46976,0,437.84,4
46977,0,437.88,4
46978,0,437.92,4
46979,0,437.96,4
46980,0,438.0,4
46981,0,438.04,4
46982,0,438.08,4
46983,0,438.12,4
46984,0,438.16,4
47620,0,417.64,4
47621,0,417.68,4
47622,0,417.72,4
47623,0,417.76,4
47624,0,417.8,4
47625,0,417.84,4
47626,0,417.88,4
47627,0,417.92,4
47628,0,417.96,4
47629,0,418.0,4
47631,0,418.04,4
48550,0,430.52,4
48551,0,430.56,4
48552,0,430.6,4
48553,0,430.64,4
48554,0,430.68,4
48555,0,430.72,4
48556,0,430.76,4
48557,0,430.8,4
48558,0,430.84,4
48559,0,430.88,4
48560,0,430.92,4
48561,0,430.96,4
48562,0,431.0,4
48563,0,431.04,4
49662,0,437.08,4
49663,0,437.12,4
49664,0,437.16,4
49665,0,437.2,4
49666,0,437.24,4
49667,0,437.28,4
49668,0,437.32,4
50576,0,433.72,4
50577,0,433.76,4
50578,0,433.8,4
50579,0,433.84,4
50580,0,433.88,4
51878,0,431.84,4
51879,0,431.88,4
51880,0,431.92,4
51881,0,431.96,4
51882,0,432.0,4
51883,0,432.04,4
51884,0,432.08,4
52675,0,439.08,4
52676,0,439.12,4
52677,0,439.16,4
52678,0,439.2,4
52679,0,439.24,4
52680,0,439.28,4
52681,0,439.32,4
52682,0,439.36,4
53269,0,415.32,4
53270,0,415.36,4
53271,0,415.4,4
53272,0,415.44,4
53273,0,415.48,4
53274,0,415.52,4
55680,0,432.68,4
55681,0,432.72,4
55682,0,432.76,4
55683,0,432.8,4
55684,0,432.84,4
55685,0,432.88,4
55686,0,432.92,4
55687,0,432.96,4
55688,0,433.0,4
55689,0,433.04,4
55690,0,433.08,4
55691,0,433.12,4
55692,0,433.16,4
56020,0,410.76,4
56021,0,410.8,4
56022,0,410.84,4
56023,0,410.88,4
56024,0,410.92,4
56025,0,410.96,4
56026,0,411.0,4
56027,0,411.04,4
56028,0,411.08,4
56029,0,411.12,4
56030,0,411.16,4
56031,0,411.2,4
56032,0,411.24,4
56033,0,411.28,4
56318,0,413.44,4
56319,0,413.48,4
56320,0,413.52,4
56321,0,413.56,4
56322,0,413.6,4
56323,0,413.64,4
56324,0,413.68,4
56325,0,413.72,4
56326,0,413.76,4
56327,0,413.8,4
56328,0,413.84,4
56329,0,413.88,4
56330,0,413.92,4
56331,0,413.96,4
56332,0,414.0,4
56333,0,414.04,4
56334,0,414.08,4
56335,0,414.12,4
56336,0,414.16,4
56757,0,418.08,4
56758,0,418.12,4
56759,0,418.16,4
56760,0,418.2,4
56761,0,418.24,4
56762,0,418.28,4
56763,0,418.32,4
56764,0,418.36,4
56765,0,418.4,4
56766,0,418.44,4
56767,0,418.48,4
7162,0,365.32,3
7164,0,365.36,3
7166,0,365.4,3
7168,0,365.44,3
7171,0,365.48,3
7174,0,365.52,3
7177,0,365.56,3
7180,0,365.6,3
7183,0,365.64,3
7186,0,365.68,3
7189,0,365.72,3
7192,0,365.76,3
7195,0,365.8,3
7198,0,365.84,3
7201,0,365.88,3
7204,0,365.92,3
7208,0,365.96,3
7212,0,366.0,3
7216,0,366.04,3
7220,0,366.08,3
7224,0,366.12,3
7228,0,366.16,3
7232,0,366.2,3
7236,0,366.24,3
7240,0,366.28,3
7244,0,366.32,3
7248,0,366.36,3
7252,0,366.4,3
7256,0,366.44,3
7260,0,366.48,3
7264,0,366.52,3
7268,0,366.56,3
7272,0,366.6,3
7276,0,366.64,3
7280,0,366.68,3
7284,0,366.72,3
7288,0,366.76,3
7292,0,366.8,3
7296,0,366.84,3
7300,0,366.88,3
7302,0,366.92,3
10479,0,360.72,3
10481,0,360.76,3
10483,0,360.8,3
10484,0,360.84,3
10485,0,360.88,3
10486,0,360.92,3
10487,0,360.96,3
10488,0,361.0,3
10489,0,361.04,3
10490,0,361.08,3
10491,0,361.12,3
10492,0,361.16,3
10493,0,361.2,3
10494,0,361.24,3
10495,0,361.28,3
10496,0,361.32,3
10497,0,361.36,3
10498,0,361.4,3
10499,0,361.44,3
10500,0,361.48,3
10501,0,361.52,3
10502,0,361.56,3
10503,0,361.6,3
10504,0,361.64,3
10505,0,361.68,3
10506,0,361.72,3
10507,0,361.76,3
10508,0,361.8,3
10509,0,361.84,3
10510,0,361.88,3
10511,0,361.92,3
10512,0,361.96,3
10513,0,362.0,3
10514,0,362.04,3
10515,0,362.08,3
10516,0,362.12,3
10517,0,362.16,3
10518,0,362.2,3
10519,0,362.24,3
10520,0,362.28,3
10521,0,362.32,3
10522,0,362.36,3
10523,0,362.4,3
10524,0,362.44,3
10525,0,362.48,3
10526,0,362.52,3
10527,0,362.56,3
10528,0,362.6,3
10529,0,362.64,3
10530,0,362.68,3
10531,0,362.72,3
10532,0,362.76,3
10533,0,362.8,3
10534,0,362.84,3
10535,0,362.88,3
10536,0,362.92,3
10537,0,362.96,3
10538,0,363.0,3
10539,0,363.04,3
10540,0,363.08,3
10541,0,363.12,3
10542,0,363.16,3
10543,0,363.2,3
10544,0,363.24,3
10545,0,363.28,3
10546,0,363.32,3
10547,0,363.36,3
10548,0,363.4,3
10549,0,363.44,3
10550,0,363.48,3
10551,0,363.52,3
10552,0,363.56,3
10553,0,363.6,3
10554,0,363.64,3
10555,0,363.68,3
10556,0,363.72,3
10557,0,363.76,3
10558,0,363.8,3
10559,0,363.84,3
10560,0,363.88,3
10561,0,363.92,3
10562,0,363.96,3
10563,0,364.0,3
10564,0,364.04,3
10565,0,364.08,3
10566,0,364.12,3
10567,0,364.16,3
10568,0,364.2,3
10569,0,364.24,3
10570,0,364.28,3
10571,0,364.32,3
10572,0,364.36,3
10573,0,364.4,3
10574,0,364.44,3
10575,0,364.48,3
10576,0,364.52,3
10577,0,364.56,3
10578,0,364.6,3
10579,0,364.64,3
10580,0,364.68,3
10581,0,364.72,3
10582,0,364.76,3
10583,0,364.8,3
10584,0,364.84,3
10585,0,364.88,3
10586,0,364.92,3
10587,0,364.96,3
10588,0,365.0,3
10589,0,365.04,3
10590,0,365.08,3
10591,0,365.12,3
10592,0,365.16,3
10593,0,365.2,3
10594,0,365.24,3
10595,0,365.28,3
11127,0,367.6,3
11128,0,367.64,3
11129,0,367.68,3
11130,0,367.72,3
11131,0,367.76,3
11132,0,367.8,3
11133,0,367.84,3
11134,0,367.88,3
11135,0,367.92,3
11136,0,367.96,3
11137,0,368.0,3
11138,0,368.04,3
11139,0,368.08,3
11140,0,368.12,3
11141,0,368.16,3
11142,0,368.2,3
11143,0,368.24,3
11144,0,368.28,3
11145,0,368.32,3
11146,0,368.36,3
11147,0,368.4,3
11148,0,368.44,3
11149,0,368.48,3
11150,0,368.52,3
11151,0,368.56,3
11152,0,368.6,3
11153,0,368.64,3
11154,0,368.68,3
14018,0,366.96,3
14019,0,367.0,3
14020,0,367.04,3
14021,0,367.08,3
14022,0,367.12,3
14383,0,371.52,3
14386,0,371.56,3
14389,0,371.6,3
14392,0,371.64,3
14395,0,371.68,3
14398,0,371.72,3
14401,0,371.76,3
14403,0,371.8,3
14405,0,371.84,3
14407,0,371.88,3
14409,0,371.92,3
14411,0,371.96,3
14413,0,372.0,3
14415,0,372.04,3
14890,0,369.4,3
14891,0,369.44,3
14892,0,369.48,3
14893,0,369.52,3
14894,0,369.56,3
14895,0,369.6,3
14896,0,369.64,3
14897,0,369.68,3
14898,0,369.72,3
14899,0,369.76,3
14900,0,369.8,3
14901,0,369.84,3
14902,0,369.88,3
14903,0,369.92,3
14904,0,369.96,3
14905,0,370.0,3
14906,0,370.04,3
14907,0,370.08,3
14908,0,370.12,3
14909,0,370.16,3
16768,0,372.08,3
16769,0,372.12,3
16770,0,372.16,3
16771,0,372.2,3
17632,0,375.08,3
17634,0,375.12,3
17636,0,375.16,3
17638,0,375.2,3
17640,0,375.24,3
17641,0,375.28,3
17642,0,375.32,3
17643,0,375.36,3
17644,0,375.4,3
17645,0,375.44,3
17646,0,375.48,3
17647,0,375.52,3
17648,0,375.56,3
18333,0,373.48,3
18334,0,373.52,3
18335,0,373.56,3
18336,0,373.6,3
18337,0,373.64,3
18338,0,373.68,3
18339,0,373.72,3
18340,0,373.76,3
18341,0,373.8,3
18342,0,373.84,3
18343,0,373.88,3
18943,0,375.6,3
18944,0,375.64,3
18945,0,375.68,3
18946,0,375.72,3
18947,0,375.76,3
18948,0,375.8,3
18949,0,375.84,3
18950,0,375.88,3
18951,0,375.92,3
18952,0,375.96,3
19623,0,374.56,3
19624,0,374.6,3
19625,0,374.64,3
19626,0,374.68,3
19627,0,374.72,3
19628,0,374.76,3
19629,0,374.8,3
19630,0,374.84,3
19631,0,374.88,3
19632,0,374.92,3
19633,0,374.96,3
19634,0,375.0,3
19635,0,375.04,3
20056,0,370.88,3
20057,0,370.92,3
20058,0,370.96,3
20059,0,371.0,3
20060,0,371.04,3
20061,0,371.08,3
20062,0,371.12,3
20063,0,371.16,3
20064,0,371.2,3
20065,0,371.24,3
20066,0,371.28,3
20067,0,371.32,3
20068,0,371.36,3
20069,0,371.4,3
20070,0,371.44,3
20071,0,371.48,3
20613,0,372.52,3
20615,0,372.56,3
20617,0,372.6,3
20618,0,372.64,3
20619,0,372.68,3
20620,0,372.72,3
20621,0,372.76,3
20622,0,372.8,3
20623,0,372.84,3
20624,0,372.88,3
20625,0,372.92,3
20626,0,372.96,3
20627,0,373.0,3
20628,0,373.04,3
20629,0,373.08,3
20630,0,373.12,3
20631,0,373.16,3
20632,0,373.2,3
20633,0,373.24,3
20634,0,373.28,3
20635,0,373.32,3
20636,0,373.36,3
21463,0,410.88,3
21464,0,410.92,3
21465,0,410.96,3
21466,0,411.0,3
21467,0,411.04,3
21468,0,411.08,3
21469,0,411.12,3
21470,0,411.16,3
21471,0,411.2,3
21472,0,411.24,3
21473,0,411.28,3
21474,0,411.32,3
21475,0,411.36,3
21476,0,411.4,3
21477,0,411.44,3
21479,0,411.48,3
21481,0,411.52,3
21483,0,411.56,3
21485,0,411.6,3
21488,0,411.64,3
21491,0,411.68,3
21494,0,411.72,3
21497,0,411.76,3
21500,0,411.8,3
21503,0,411.84,3
21506,0,411.88,3
21509,0,411.92,3
21512,0,411.96,3
21515,0,412.0,3
21518,0,412.04,3
21521,0,412.08,3
22271,0,412.12,3
22273,0,412.16,3
22275,0,412.2,3
22277,0,412.24,3
22279,0,412.28,3
22281,0,412.32,3
22283,0,412.36,3
22285,0,412.4,3
22287,0,412.44,3
22289,0,412.48,3
22291,0,412.52,3
22294,0,412.56,3
22297,0,412.6,3
23712,0,416.2,3
23713,0,416.24,3
23714,0,416.28,3
23715,0,416.32,3
23716,0,416.36,3
23717,0,416.4,3
23718,0,416.44,3
23720,0,416.48,3
23722,0,416.52,3
23724,0,416.56,3
23726,0,416.6,3
23728,0,416.64,3
23730,0,416.68,3
23732,0,416.72,3
23734,0,416.76,3
23735,0,416.8,3
23736,0,416.84,3
23737,0,416.88,3
25551,0,377.8,3
25552,0,377.84,3
25553,0,377.88,3
25554,0,377.92,3
25555,0,377.96,3
25556,0,378.0,3
25557,0,378.04,3
25558,0,378.08,3
25559,0,378.12,3
25560,0,378.16,3
26356,0,381.72,3
26357,0,381.76,3
26358,0,381.8,3
26359,0,381.84,3
26360,0,381.88,3
26361,0,381.92,3
26362,0,381.96,3
26363,0,382.0,3
26364,0,382.04,3
26365,0,382.08,3
27121,0,379.08,3
27123,0,379.12,3
27125,0,379.16,3
27127,0,379.2,3
27129,0,379.24,3
27131,0,379.28,3
27133,0,379.32,3
27135,0,379.36,3
27137,0,379.4,3
27139,0,379.44,3
27801,0,372.28,3
27802,0,372.32,3
27803,0,372.36,3
27804,0,372.4,3
27805,0,372.44,3
27806,0,372.48,3
28134,0,379.04,3
28135,0,379.48,3
28136,0,379.52,3
28137,0,379.56,3
30434,0,412.64,3
30436,0,412.68,3
30438,0,412.72,3
30440,0,412.76,3
30442,0,412.8,3
30444,0,412.84,3
30446,0,412.88,3
30448,0,412.92,3
30450,0,412.96,3
30452,0,413.0,3
30453,0,413.04,3
30454,0,413.08,3
30455,0,413.12,3
30456,0,413.16,3
31108,0,380.68,3
31109,0,380.72,3
31110,0,380.76,3
31111,0,380.8,3
31112,0,380.84,3
31113,0,380.88,3
31114,0,380.92,3
31115,0,380.96,3
31116,0,381.0,3
32026,0,386.92,3
32027,0,386.96,3
32028,0,387.0,3
32029,0,387.04,3
32030,0,387.08,3
32031,0,387.12,3
32032,0,387.16,3
33810,0,419.12,3
33811,0,419.16,3
33812,0,419.2,3
33813,0,419.24,3
33814,0,419.28,3
33815,0,419.32,3
33816,0,419.36,3
33817,0,419.4,3
33818,0,419.44,3
33819,0,419.48,3
33820,0,419.52,3
33821,0,419.56,3
33822,0,419.6,3
33823,0,419.64,3
33824,0,419.68,3
33825,0,419.72,3
33826,0,419.76,3
34528,0,383.6,3
34529,0,383.64,3
34530,0,383.68,3
34531,0,383.72,3
34532,0,383.76,3
34533,0,383.8,3
34534,0,383.84,3
34535,0,383.88,3
34536,0,383.92,3
35226,0,385.8,3
35227,0,385.84,3
35228,0,385.88,3
35229,0,385.92,3
35230,0,385.96,3
35231,0,386.0,3
35232,0,386.04,3
35233,0,386.08,3
35234,0,386.12,3
35235,0,386.16,3
36726,0,426.12,3
36727,0,426.16,3
36728,0,426.2,3
36729,0,426.24,3
36730,0,426.28,3
36732,0,426.32,3
36734,0,426.36,3
36736,0,426.4,3
36738,0,426.44,3
36740,0,426.48,3
36742,0,426.52,3
36744,0,426.56,3
36746,0,426.6,3
41371,0,417.56,3
41372,0,417.6,3
41373,0,417.64,3
41374,0,417.68,3
41375,0,417.72,3
41376,0,417.76,3
41377,0,417.8,3
41378,0,417.84,3
41379,0,417.88,3
41380,0,417.92,3
42229,0,420.16,3
42230,0,420.2,3
42231,0,420.24,3
42232,0,420.28,3
42233,0,420.32,3
42234,0,420.36,3
42235,0,420.4,3
42236,0,420.44,3
42237,0,420.48,3
42238,0,420.52,3
43845,0,414.92,3
43846,0,414.96,3
43847,0,415.0,3
43848,0,415.04,3
43849,0,415.08,3
43850,0,415.12,3
43851,0,415.16,3
43852,0,415.2,3
45801,0,428.16,3
45803,0,428.2,3
45805,0,428.24,3
45806,0,428.28,3
45807,0,428.32,3
45808,0,428.36,3
45809,0,428.4,3
45810,0,428.44,3
46759,0,430.28,3
46760,0,430.32,3
46761,0,430.36,3
46762,0,430.4,3
46763,0,430.44,3
46764,0,430.48,3
46765,0,430.52,3
46767,0,430.56,3
46769,0,430.6,3
46771,0,430.64,3
46773,0,430.68,3
47423,0,409.6,3
47424,0,409.64,3
47425,0,409.68,3
47426,0,409.72,3
47427,0,409.76,3
47428,0,409.8,3
47429,0,409.84,3
47430,0,409.88,3
47431,0,409.92,3
47432,0,409.96,3
47433,0,410.0,3
47434,0,410.04,3
47435,0,410.08,3
47436,0,410.12,3
47437,0,410.16,3
47438,0,410.2,3
47439,0,410.24,3
47440,0,410.28,3
48388,0,423.16,3
48389,0,423.2,3
48390,0,423.24,3
48391,0,423.28,3
48392,0,423.32,3
48393,0,423.36,3
48394,0,423.4,3
48395,0,423.44,3
48396,0,423.48,3
48397,0,423.52,3
49548,0,430.72,3
49549,0,430.76,3
49550,0,430.8,3
49551,0,430.84,3
50479,0,427.88,3
50480,0,427.92,3
50481,0,427.96,3
50482,0,428.0,3
50483,0,428.04,3
50484,0,428.08,3
50485,0,428.12,3
51708,0,424.24,3
51709,0,424.28,3
51710,0,424.32,3
51711,0,424.36,3
51712,0,424.4,3
51713,0,424.44,3
51714,0,424.48,3
51715,0,424.52,3
51716,0,424.56,3
51717,0,424.6,3
52492,0,432.08,3
52493,0,432.12,3
52494,0,432.16,3
52495,0,432.2,3
52496,0,432.24,3
52497,0,432.28,3
52498,0,432.32,3
52499,0,432.36,3
52500,0,432.4,3
14042,0,360.72,2
14043,0,360.76,2
14044,0,360.8,2
14045,0,360.84,2
14046,0,360.88,2
17331,0,365.04,2
17333,0,365.08,2
17335,0,365.12,2
17337,0,365.16,2
17339,0,365.2,2
17341,0,365.24,2
17342,0,365.28,2
17343,0,365.32,2
17345,0,365.36,2
17347,0,365.4,2
17349,0,365.44,2
18178,0,365.64,2
18179,0,365.68,2
18180,0,365.72,2
18181,0,365.76,2
18182,0,365.8,2
18183,0,365.84,2
18184,0,365.88,2
18185,0,365.92,2
18186,0,365.96,2
18759,0,367.16,2
18760,0,367.2,2
18761,0,367.24,2
18762,0,367.28,2
18763,0,367.32,2
18764,0,367.36,2
18765,0,367.4,2
18766,0,367.44,2
18767,0,367.48,2
18768,0,367.52,2
24893,0,364.72,2
24894,0,364.76,2
24895,0,364.8,2
24896,0,364.84,2
24897,0,364.88,2
24898,0,364.92,2
24899,0,364.96,2
24900,0,365.0,2
25339,0,368.4,2
25341,0,368.44,2
25343,0,368.48,2
25344,0,368.52,2
25345,0,368.56,2
25346,0,368.6,2
25347,0,368.64,2
25348,0,368.68,2
25349,0,368.72,2
25350,0,368.76,2
25351,0,368.8,2
26130,0,372.28,2
26131,0,372.32,2
26132,0,372.36,2
26133,0,372.4,2
26134,0,372.44,2
26135,0,372.48,2
26136,0,372.52,2
26137,0,372.56,2
26138,0,372.6,2
26139,0,372.64,2
26140,0,372.68,2
26141,0,372.72,2
26893,0,369.6,2
26894,0,369.64,2
26895,0,369.68,2
26896,0,369.72,2
26897,0,369.76,2
26898,0,369.8,2
26899,0,369.84,2
26900,0,369.88,2
26901,0,369.92,2
26902,0,369.96,2
26903,0,370.0,2
27708,0,365.48,2
27709,0,365.52,2
27710,0,365.56,2
27711,0,365.6,2
27968,0,368.08,2
27969,0,368.12,2
27970,0,368.16,2
27971,0,368.2,2
27972,0,368.24,2
27973,0,368.28,2
27974,0,368.32,2
27975,0,368.36,2
29725,0,375.04,2
29726,0,375.08,2
29727,0,375.12,2
29728,0,375.16,2
29729,0,375.2,2
29730,0,375.24,2
29732,0,375.28,2
29734,0,375.32,2
29736,0,375.36,2
29738,0,375.4,2
29740,0,375.44,2
29742,0,375.48,2
30986,0,373.92,2
30987,0,373.96,2
30988,0,374.0,2
30989,0,374.04,2
30990,0,374.08,2
30991,0,374.12,2
30992,0,374.16,2
30993,0,374.2,2
30994,0,374.24,2
30995,0,374.28,2
31806,0,376.16,2
31807,0,376.2,2
31808,0,376.24,2
31809,0,376.28,2
31810,0,376.32,2
31811,0,376.36,2
31812,0,376.4,2
31813,0,376.44,2
31814,0,376.48,2
31815,0,376.52,2
31816,0,376.56,2
31817,0,376.6,2
31818,0,376.64,2
33314,0,400.28,2
33315,0,400.32,2
33316,0,400.36,2
33317,0,400.4,2
33318,0,400.44,2
33319,0,400.48,2
33320,0,400.52,2
33321,0,400.56,2
33322,0,400.6,2
33323,0,400.64,2
33324,0,400.68,2
33325,0,400.72,2
33326,0,400.76,2
33327,0,400.8,2
33328,0,400.84,2
33329,0,400.88,2
33330,0,400.92,2
33331,0,400.96,2
33332,0,401.0,2
33333,0,401.04,2
33334,0,401.08,2
33335,0,401.12,2
33336,0,401.16,2
33337,0,401.2,2
33338,0,401.24,2
33339,0,401.28,2
33340,0,401.32,2
33341,0,401.36,2
33342,0,401.4,2
33343,0,401.44,2
33344,0,401.48,2
33345,0,401.52,2
33346,0,401.56,2
33347,0,401.6,2
33348,0,401.64,2
33349,0,401.68,2
33350,0,401.72,2
33351,0,401.76,2
33352,0,401.8,2
33353,0,401.84,2
33354,0,401.88,2
33355,0,401.92,2
33356,0,401.96,2
33357,0,402.0,2
34406,0,375.52,2
34407,0,375.56,2
34408,0,375.6,2
34409,0,375.64,2
34410,0,375.68,2
35085,0,376.8,2
35086,0,376.84,2
35087,0,376.88,2
35088,0,376.92,2
35089,0,376.96,2
35090,0,377.0,2
35091,0,377.04,2
35092,0,377.08,2
35093,0,377.12,2
35094,0,377.16,2
35095,0,377.2,2
36482,0,415.4,2
36483,0,415.44,2
36484,0,415.48,2
36485,0,415.52,2
36486,0,415.56,2
36487,0,415.6,2
36488,0,415.64,2
36489,0,415.68,2
36490,0,415.72,2
36491,0,415.76,2
36492,0,415.8,2
36493,0,415.84,2
36494,0,415.88,2
36495,0,415.92,2
36496,0,415.96,2
38205,0,423.32,2
38207,0,423.36,2
38209,0,423.4,2
38211,0,423.44,2
38213,0,423.48,2
38215,0,423.52,2
38217,0,423.56,2
38219,0,423.6,2
38221,0,423.64,2
38223,0,423.68,2
38224,0,423.72,2
38225,0,423.76,2
38226,0,423.8,2
38227,0,423.84,2
38228,0,423.88,2
40693,0,407.8,2
40694,0,407.84,2
40696,0,407.88,2
40698,0,407.92,2
40700,0,407.96,2
40702,0,408.0,2
40704,0,408.04,2
40706,0,408.08,2
40708,0,408.12,2
40710,0,408.16,2
41206,0,408.2,2
41207,0,408.24,2
41208,0,408.28,2
42048,0,412.2,2
42049,0,412.24,2
42050,0,412.28,2
42051,0,412.32,2
42052,0,412.36,2
42053,0,412.4,2
42054,0,412.44,2
42055,0,412.48,2
42056,0,412.52,2
42057,0,412.56,2
43698,0,406.64,2
43699,0,406.68,2
43700,0,406.72,2
43701,0,406.76,2
43702,0,406.8,2
43703,0,406.84,2
43704,0,406.88,2
43705,0,406.92,2
43706,0,406.96,2
43707,0,407.0,2
44251,0,404.04,2
44252,0,404.08,2
44253,0,404.12,2
44254,0,404.16,2
44255,0,404.2,2
44256,0,404.24,2
44257,0,404.28,2
44258,0,404.32,2
44259,0,404.36,2
44260,0,404.4,2
45603,0,420.8,2
45604,0,420.84,2
45605,0,420.88,2
45606,0,420.92,2
45607,0,420.96,2
45608,0,421.0,2
45609,0,421.04,2
45610,0,421.08,2
45611,0,421.12,2
45612,0,421.16,2
45613,0,421.2,2
46513,0,419.84,2
46514,0,419.88,2
46515,0,419.92,2
46516,0,419.96,2
46517,0,420.0,2
46518,0,420.04,2
46519,0,420.08,2
46521,0,420.12,2
46523,0,420.16,2
46525,0,420.2,2
46527,0,420.24,2
46529,0,420.28,2
46531,0,420.32,2
46533,0,420.36,2
48163,0,413.24,2
48164,0,413.28,2
48165,0,413.32,2
48166,0,413.36,2
48167,0,413.4,2
48168,0,413.44,2
48169,0,413.48,2
48170,0,413.52,2
48171,0,413.56,2
48172,0,413.6,2
48173,0,413.64,2
48174,0,413.68,2
49355,0,422.08,2
49356,0,422.12,2
49357,0,422.16,2
49358,0,422.2,2
49359,0,422.24,2
49360,0,422.28,2
49361,0,422.32,2
49362,0,422.36,2
49363,0,422.4,2
49364,0,422.44,2
49365,0,422.48,2
49366,0,422.52,2
50341,0,420.4,2
50342,0,420.44,2
50343,0,420.48,2
51495,0,414.76,2
51496,0,414.8,2
51497,0,414.84,2
51498,0,414.88,2
51499,0,414.92,2
51500,0,414.96,2
51501,0,415.0,2
51502,0,415.04,2
51503,0,415.08,2
51504,0,415.12,2
51505,0,415.16,2
52306,0,423.2,2
52307,0,423.24,2
52308,0,423.28,2
55374,0,418.4,2
55375,0,418.44,2
55376,0,418.48,2
55377,0,418.52,2
55378,0,418.56,2
55379,0,418.6,2
55380,0,418.64,2
55381,0,418.68,2
55382,0,418.72,2
55383,0,418.76,2
24566,0,375.84,1
24567,0,375.88,1
24568,0,375.92,1
24569,0,375.96,1
24570,0,376.0,1
24571,0,376.04,1
24572,0,376.08,1
24573,0,376.12,1
24574,0,376.16,1
24575,0,376.2,1
24576,0,376.24,1
24577,0,376.28,1
24578,0,376.32,1
24579,0,376.36,1
24580,0,376.4,1
24581,0,376.44,1
24582,0,376.48,1
24583,0,376.52,1
24584,0,376.56,1
24585,0,376.6,1
24586,0,376.64,1
24587,0,376.68,1
24588,0,376.72,1
24589,0,376.76,1
24590,0,376.8,1
24591,0,376.84,1
24592,0,376.88,1
24593,0,376.92,1
24594,0,376.96,1
24595,0,377.0,1
24596,0,377.04,1
24597,0,377.08,1
24598,0,377.12,1
24599,0,377.16,1
24600,0,377.2,1
24601,0,377.24,1
24602,0,377.28,1
24603,0,377.32,1
24604,0,377.36,1
24605,0,377.4,1
24606,0,377.44,1
24607,0,377.48,1
24608,0,377.52,1
24609,0,377.56,1
24610,0,377.6,1
24611,0,377.64,1
24612,0,377.68,1
24654,0,377.96,1
24655,0,378.0,1
24656,0,378.04,1
24657,0,378.08,1
24658,0,378.12,1
24659,0,378.16,1
24660,0,378.2,1
24661,0,378.24,1
24662,0,378.28,1
24663,0,378.32,1
24664,0,378.36,1
24665,0,378.4,1
24666,0,378.44,1
24667,0,378.48,1
24668,0,378.52,1
24669,0,378.56,1
24670,0,378.6,1
24671,0,378.64,1
24672,0,378.68,1
24673,0,378.72,1
24674,0,378.76,1
24675,0,378.8,1
24676,0,378.84,1
24677,0,378.88,1
24678,0,378.92,1
24679,0,378.96,1
24680,0,379.0,1
24681,0,379.04,1
24682,0,379.08,1
24683,0,379.12,1
24684,0,379.16,1
24685,0,379.2,1
24686,0,379.24,1
24687,0,379.28,1
24688,0,379.32,1
24689,0,379.36,1
24690,0,379.4,1
24691,0,379.44,1
24692,0,379.48,1
24693,0,379.52,1
24694,0,379.56,1
24695,0,379.6,1
24696,0,379.64,1
24697,0,379.68,1
24698,0,379.72,1
24699,0,379.76,1
24700,0,379.8,1
24701,0,379.84,1
24702,0,379.88,1
24703,0,379.92,1
25134,0,361.8,1
25135,0,361.84,1
25136,0,361.88,1
25137,0,361.92,1
25138,0,361.96,1
25139,0,362.0,1
25140,0,362.04,1
25141,0,362.08,1
25142,0,362.12,1
25143,0,362.16,1
25144,0,362.2,1
25145,0,362.24,1
25146,0,362.28,1
25147,0,362.32,1
25952,0,364.6,1
25953,0,364.64,1
25954,0,364.68,1
25955,0,364.72,1
25956,0,364.76,1
25957,0,364.8,1
25958,0,364.84,1
25959,0,364.88,1
25960,0,364.92,1
25961,0,364.96,1
25962,0,365.0,1
25963,0,365.04,1
25964,0,365.08,1
25965,0,365.12,1
25966,0,365.16,1
25967,0,365.2,1
26746,0,363.24,1
26747,0,363.28,1
26748,0,363.32,1
26749,0,363.36,1
26750,0,363.4,1
26751,0,363.44,1
26752,0,363.48,1
26753,0,363.52,1
26754,0,363.56,1
26755,0,363.6,1
26756,0,363.64,1
26757,0,363.68,1
26758,0,363.72,1
27656,0,360.72,1
27657,0,360.76,1
27897,0,362.68,1
27898,0,362.72,1
27899,0,362.76,1
27900,0,362.8,1
27901,0,362.84,1
27902,0,362.88,1
27903,0,362.92,1
27904,0,362.96,1
27905,0,363.0,1
27906,0,363.04,1
27907,0,363.08,1
29472,0,367.2,1
29473,0,367.24,1
29474,0,367.28,1
29475,0,367.32,1
29476,0,367.36,1
29477,0,367.4,1
29478,0,367.44,1
29479,0,367.48,1
29481,0,367.52,1
29483,0,367.56,1
29485,0,367.6,1
29487,0,367.64,1
29489,0,367.68,1
29491,0,367.72,1
29493,0,367.76,1
29495,0,367.8,1
29497,0,367.84,1
30900,0,367.88,1
30901,0,367.92,1
30902,0,367.96,1
30903,0,368.0,1
30904,0,368.04,1
31618,0,368.88,1
31620,0,368.92,1
31622,0,368.96,1
31624,0,369.0,1
31626,0,369.04,1
31628,0,369.08,1
31629,0,369.12,1
31630,0,369.16,1
31631,0,369.2,1
31632,0,369.24,1
31633,0,369.28,1
31634,0,369.32,1
31635,0,369.36,1
31636,0,369.4,1
31637,0,369.44,1
32615,0,371.36,1
32616,0,371.4,1
32617,0,371.44,1
32618,0,371.48,1
32619,0,371.52,1
32620,0,371.56,1
32621,0,371.6,1
32622,0,371.64,1
32623,0,371.68,1
32624,0,371.72,1
32625,0,371.76,1
32626,0,371.8,1
32627,0,371.84,1
32628,0,371.88,1
32629,0,371.92,1
32630,0,371.96,1
32631,0,372.0,1
32632,0,372.04,1
32633,0,372.08,1
32634,0,372.12,1
32635,0,372.16,1
32636,0,372.2,1
32637,0,372.24,1
34281,0,368.48,1
34282,0,368.52,1
34283,0,368.56,1
34284,0,368.6,1
34285,0,368.64,1
34286,0,368.68,1
34287,0,368.72,1
34288,0,368.76,1
34289,0,368.8,1
34290,0,368.84,1
34925,0,369.84,1
34926,0,369.88,1
34927,0,369.92,1
34928,0,369.96,1
34929,0,370.0,1
34930,0,370.04,1
34931,0,370.08,1
34932,0,370.12,1
34933,0,370.16,1
34934,0,370.2,1
34935,0,370.24,1
34936,0,370.28,1
34937,0,370.32,1
34938,0,370.36,1
34939,0,370.4,1
36188,0,407.12,1
36190,0,407.16,1
36192,0,407.2,1
36195,0,407.24,1
36198,0,407.28,1
36200,0,407.32,1
36202,0,407.36,1
36204,0,407.4,1
36206,0,407.44,1
36208,0,407.48,1
36210,0,407.52,1
36212,0,407.56,1
36214,0,407.6,1
36216,0,407.64,1
36218,0,407.68,1
36219,0,407.72,1
36220,0,407.76,1
36221,0,407.8,1
36222,0,407.84,1
36223,0,407.88,1
37741,0,412.48,1
37743,0,412.52,1
37744,0,412.56,1
37745,0,412.6,1
37746,0,412.64,1
37747,0,412.68,1
37748,0,412.72,1
37749,0,412.76,1
37750,0,412.8,1
37752,0,412.84,1
37754,0,412.88,1
37756,0,412.92,1
37758,0,412.96,1
37761,0,413.0,1
37764,0,413.04,1
37767,0,413.08,1
37770,0,413.12,1
37773,0,413.16,1
37776,0,413.2,1
37779,0,413.24,1
37782,0,413.28,1
37785,0,413.32,1
37788,0,413.36,1
37790,0,413.4,1
37792,0,413.44,1
37793,0,413.48,1
40398,0,401.64,1
40399,0,401.68,1
40400,0,401.72,1
40402,0,401.76,1
40404,0,401.8,1
40406,0,401.84,1
40408,0,401.88,1
40410,0,401.92,1
40412,0,401.96,1
40414,0,402.0,1
40416,0,402.04,1
40418,0,402.08,1
41181,0,402.12,1
41182,0,402.16,1
41908,0,406.84,1
41909,0,406.88,1
41910,0,406.92,1
41911,0,406.96,1
41912,0,407.0,1
41913,0,407.04,1
41914,0,407.08,1
43391,0,420.6,1
43392,0,420.64,1
43393,0,420.68,1
43394,0,420.72,1
43395,0,420.76,1
43396,0,420.8,1
43397,0,420.84,1
43398,0,420.88,1
43399,0,420.92,1
43400,0,420.96,1
43401,0,421.0,1
43402,0,421.04,1
43403,0,421.08,1
43404,0,421.12,1
43405,0,421.16,1
43406,0,421.2,1
43407,0,421.24,1
43408,0,421.28,1
43409,0,421.32,1
43410,0,421.36,1
43411,0,421.4,1
43412,0,421.44,1
43413,0,421.48,1
43414,0,421.52,1
43415,0,421.56,1
43416,0,421.6,1
43417,0,421.64,1
43418,0,421.68,1
43419,0,421.72,1
43420,0,421.76,1
43421,0,421.8,1
43422,0,421.84,1
43423,0,421.88,1
43424,0,421.92,1
43425,0,421.96,1
43426,0,422.0,1
43427,0,422.04,1
43428,0,422.08,1
43429,0,422.12,1
43430,0,422.16,1
43431,0,422.2,1
43433,0,422.24,1
43435,0,422.28,1
43437,0,422.32,1
43439,0,422.36,1
43441,0,422.4,1
43443,0,422.44,1
43445,0,422.48,1
43447,0,422.52,1
43449,0,422.56,1
43451,0,422.6,1
43453,0,422.64,1
43455,0,422.68,1
43457,0,422.72,1
43459,0,422.76,1
43461,0,422.8,1
43463,0,422.84,1
43465,0,422.88,1
43566,0,400.92,1
43567,0,400.96,1
43568,0,401.0,1
43569,0,401.04,1
43570,0,401.08,1
43571,0,401.12,1
43572,0,401.16,1
43573,0,401.2,1
43574,0,401.24,1
43575,0,401.28,1
43576,0,401.32,1
44116,0,398.64,1
44117,0,398.68,1
44118,0,398.72,1
44119,0,398.76,1
44120,0,398.8,1
44121,0,398.84,1
44122,0,398.88,1
44123,0,398.92,1
44124,0,398.96,1
44125,0,399.0,1
44126,0,399.04,1
45471,0,413.96,1
45472,0,414.0,1
45473,0,414.04,1
45474,0,414.08,1
45475,0,414.12,1
45476,0,414.16,1
45477,0,414.2,1
45478,0,414.24,1
45479,0,414.28,1
45480,0,414.32,1
45481,0,414.36,1
45482,0,414.4,1
45483,0,414.44,1
45484,0,414.48,1
45485,0,414.52,1
45486,0,414.56,1
45488,0,414.6,1
45490,0,414.64,1
46292,0,411.84,1
46293,0,411.88,1
46294,0,411.92,1
46295,0,411.96,1
46296,0,412.0,1
46297,0,412.04,1
46298,0,412.08,1
46299,0,412.12,1
46300,0,412.16,1
46301,0,412.2,1
46302,0,412.24,1
46303,0,412.28,1
46304,0,412.32,1
46305,0,412.36,1
46306,0,412.4,1
46307,0,412.44,1
49227,0,414.68,1
49228,0,414.72,1
49229,0,414.76,1
49230,0,414.8,1
49231,0,414.84,1
49232,0,414.88,1
49233,0,414.92,1
49234,0,414.96,1
49235,0,415.0,1
49236,0,415.04,1
49237,0,415.08,1
49238,0,415.12,1
49239,0,415.16,1
49241,0,415.2,1
49243,0,415.24,1
51403,0,408.68,1
51404,0,408.72,1
51405,0,408.76,1
51406,0,408.8,1
51407,0,408.84,1
51408,0,408.88,1
51409,0,408.92,1
51410,0,408.96,1
51411,0,409.0,1
51412,0,409.04,1
51413,0,409.08,1
52175,0,415.28,1
52176,0,415.32,1
52177,0,415.36,1
52178,0,415.4,1
52179,0,415.44,1
52180,0,415.48,1
52181,0,415.52,1
52182,0,415.56,1
52183,0,415.6,1
52184,0,415.64,1
52185,0,415.68,1
52186,0,415.72,1
52187,0,415.76,1
52188,0,415.8,1
52189,0,415.84,1
52190,0,415.88,1
52191,0,415.92,1
52192,0,415.96,1
53001,0,422.92,1
53002,0,422.96,1
53003,0,423.0,1
53004,0,423.04,1
53005,0,423.08,1
53006,0,423.12,1
53007,0,423.16,1
53008,0,423.2,1
53009,0,423.24,1
53010,0,423.28,1
53011,0,423.32,1
53012,0,423.36,1
53013,0,423.4,1
53014,0,423.44,1
53015,0,423.48,1
53016,0,423.52,1
53017,0,423.56,1
53018,0,423.6,1
53019,0,423.64,1
53020,0,423.68,1
53021,0,423.72,1
53022,0,423.76,1
53023,0,423.8,1
53024,0,423.84,1
53025,0,423.88,1
53026,0,423.92,1
53027,0,423.96,1
53028,0,424.0,1
53029,0,424.04,1
53030,0,424.08,1
53031,0,424.12,1
53032,0,424.16,1
53033,0,424.2,1
53034,0,424.24,1
53035,0,424.28,1
53036,0,424.32,1
53037,0,424.36,1
53038,0,424.4,1
53039,0,424.44,1
53040,0,424.48,1
54978,0,440.08,1
54979,0,440.12,1
54980,0,440.16,1
54981,0,440.2,1
54982,0,440.24,1
54983,0,440.28,1
54984,0,440.32,1
54985,0,440.36,1
54986,0,440.4,1
54987,0,440.44,1
54988,0,440.48,1
54989,0,440.52,1
54990,0,440.56,1
54991,0,440.6,1
54992,0,440.64,1
54993,0,440.68,1
32281,0,360.72,0
32283,0,360.76,0
32285,0,360.8,0
32287,0,360.84,0
32289,0,360.88,0
32291,0,360.92,0
32293,0,360.96,0
32295,0,361.0,0
32297,0,361.04,0
34765,0,361.08,0
34766,0,361.12,0
34767,0,361.16,0
34768,0,361.2,0
34769,0,361.24,0
34770,0,361.28,0
34771,0,361.32,0
34772,0,361.36,0
34773,0,361.4,0
34774,0,361.44,0
34775,0,361.48,0
34776,0,361.52,0
34777,0,361.56,0
34778,0,361.6,0
35438,0,394.68,0
35442,0,394.72,0
35446,0,394.76,0
35450,0,394.8,0
35454,0,394.84,0
35458,0,394.88,0
35462,0,394.92,0
35466,0,394.96,0
35470,0,395.0,0
35474,0,395.04,0
35478,0,395.08,0
35482,0,395.12,0
35486,0,395.16,0
35490,0,395.2,0
35494,0,395.24,0
35498,0,395.28,0
35503,0,395.32,0
35508,0,395.36,0
35513,0,395.4,0
35518,0,395.44,0
35523,0,395.48,0
35528,0,395.52,0
35533,0,395.56,0
35538,0,395.6,0
35543,0,395.64,0
35548,0,395.68,0
35553,0,395.72,0
35558,0,395.76,0
35563,0,395.8,0
35568,0,395.84,0
35573,0,395.88,0
35578,0,395.92,0
35583,0,395.96,0
35588,0,396.0,0
35593,0,396.04,0
35598,0,396.08,0
35603,0,396.12,0
35608,0,396.16,0
35613,0,396.2,0
35768,0,392.64,0
35772,0,392.68,0
35775,0,392.72,0
35778,0,392.76,0
35781,0,392.8,0
35784,0,392.84,0
35787,0,392.88,0
35790,0,392.92,0
35793,0,392.96,0
35796,0,393.0,0
35798,0,393.04,0
35800,0,393.08,0
35802,0,393.12,0
35804,0,393.16,0
35806,0,393.2,0
35808,0,393.24,0
35810,0,393.28,0
35812,0,393.32,0
35814,0,393.36,0
35815,0,393.4,0
35816,0,393.44,0
35818,0,393.48,0
35820,0,393.52,0
35822,0,393.56,0
35824,0,393.6,0
35826,0,393.64,0
35828,0,393.68,0
35830,0,393.72,0
35832,0,393.76,0
35834,0,393.8,0
35836,0,393.84,0
35838,0,393.88,0
35840,0,393.92,0
35842,0,393.96,0
35844,0,394.0,0
35846,0,394.04,0
35848,0,394.08,0
35850,0,394.12,0
35852,0,394.16,0
35854,0,394.2,0
35856,0,394.24,0
35858,0,394.28,0
35860,0,394.32,0
35862,0,394.36,0
35864,0,394.4,0
35866,0,394.44,0
35868,0,394.48,0
35870,0,394.52,0
35872,0,394.56,0
35875,0,394.6,0
35878,0,394.64,0
35881,0,396.24,0
35885,0,396.28,0
35889,0,396.32,0
35893,0,396.36,0
37064,0,396.4,0
37067,0,396.44,0
37071,0,396.48,0
37075,0,396.52,0
37079,0,396.56,0
37083,0,396.6,0
37087,0,396.64,0
37091,0,396.68,0
37095,0,396.72,0
37099,0,396.76,0
37103,0,396.8,0
37107,0,396.84,0
37111,0,396.88,0
37115,0,396.92,0
37119,0,396.96,0
37123,0,397.0,0
37127,0,397.04,0
37131,0,397.08,0
37135,0,397.12,0
37139,0,397.16,0
37143,0,397.2,0
37147,0,397.24,0
37151,0,397.28,0
37155,0,397.32,0
37158,0,397.36,0
37161,0,397.4,0
37164,0,397.44,0
37168,0,397.48,0
37171,0,397.52,0
37174,0,397.56,0
37177,0,397.6,0
37180,0,397.64,0
37183,0,397.68,0
37186,0,397.72,0
37189,0,397.76,0
37192,0,397.8,0
37195,0,397.84,0
37198,0,397.88,0
37201,0,397.92,0
37204,0,397.96,0
37207,0,398.0,0
37210,0,398.04,0
37213,0,398.08,0
37217,0,398.12,0
37221,0,398.16,0
37224,0,398.2,0
37227,0,398.24,0
37230,0,398.28,0
37233,0,398.32,0
37236,0,398.36,0
37239,0,398.4,0
37242,0,398.44,0
37245,0,398.48,0
37248,0,398.52,0
37251,0,398.56,0
38591,0,362.96,0
38592,0,363.0,0
38593,0,363.04,0
38594,0,363.08,0
38595,0,363.12,0
38596,0,363.16,0
38597,0,363.2,0
38598,0,363.24,0
38599,0,363.28,0
38600,0,363.32,0
38601,0,363.36,0
38602,0,363.4,0
38603,0,363.44,0
38604,0,363.48,0
38605,0,363.52,0
38606,0,363.56,0
38607,0,363.6,0
38608,0,363.64,0
38609,0,363.68,0
38610,0,363.72,0
38611,0,363.76,0
38612,0,363.8,0
38613,0,363.84,0
38614,0,363.88,0
38615,0,363.92,0
38616,0,363.96,0
38617,0,364.0,0
38618,0,364.04,0
38619,0,364.08,0
38620,0,364.12,0
38621,0,364.16,0
38622,0,364.2,0
38623,0,364.24,0
38624,0,364.28,0
38625,0,364.32,0
38626,0,364.36,0
38627,0,364.4,0
38628,0,364.44,0
38629,0,364.48,0
38630,0,364.52,0
38631,0,364.56,0
38632,0,364.6,0
38633,0,364.64,0
38634,0,364.68,0
38635,0,364.72,0
38636,0,364.76,0
38637,0,364.8,0
38638,0,364.84,0
38639,0,364.88,0
38640,0,364.92,0
38641,0,364.96,0
38642,0,365.0,0
38643,0,365.04,0
38644,0,365.08,0
38645,0,365.12,0
38646,0,365.16,0
38647,0,365.2,0
38648,0,365.24,0
38649,0,365.28,0
38650,0,365.32,0
38651,0,365.36,0
38652,0,365.4,0
38653,0,365.44,0
38654,0,365.48,0
38655,0,365.52,0
38656,0,365.56,0
38657,0,365.6,0
38658,0,365.64,0
38659,0,365.68,0
38660,0,365.72,0
38661,0,365.76,0
38662,0,365.8,0
38663,0,365.84,0
38664,0,365.88,0
38665,0,365.92,0
38666,0,365.96,0
38667,0,366.0,0
38668,0,366.04,0
38669,0,366.08,0
38670,0,366.12,0
38671,0,366.16,0
38672,0,366.2,0
38673,0,366.24,0
38674,0,366.28,0
38675,0,366.32,0
38676,0,366.36,0
38677,0,366.4,0
38678,0,366.44,0
38679,0,366.48,0
38680,0,366.52,0
38681,0,366.56,0
38682,0,366.6,0
38683,0,366.64,0
38684,0,366.68,0
38685,0,366.72,0
38686,0,366.76,0
38687,0,366.8,0
38688,0,366.84,0
38689,0,366.88,0
38690,0,366.92,0
38691,0,366.96,0
38692,0,367.0,0
38693,0,367.04,0
38694,0,367.08,0
38695,0,367.12,0
38696,0,367.16,0
38697,0,367.2,0
38698,0,367.24,0
38699,0,367.28,0
38700,0,367.32,0
38701,0,367.36,0
38702,0,367.4,0
38703,0,367.44,0
38704,0,367.48,0
38705,0,367.52,0
38706,0,367.56,0
38707,0,367.6,0
38708,0,367.64,0
38709,0,367.68,0
38710,0,367.72,0
38711,0,367.76,0
38712,0,367.8,0
38713,0,367.84,0
38714,0,367.88,0
38715,0,367.92,0
38716,0,367.96,0
38717,0,368.0,0
38718,0,368.04,0
38719,0,368.08,0
38720,0,368.12,0
38721,0,368.16,0
38722,0,368.2,0
38723,0,368.24,0
38724,0,368.28,0
38725,0,368.32,0
38726,0,368.36,0
38727,0,368.4,0
38728,0,368.44,0
38729,0,368.48,0
38730,0,368.52,0
38731,0,368.56,0
38732,0,368.6,0
38733,0,368.64,0
38734,0,368.68,0
38735,0,368.72,0
38736,0,368.76,0
38737,0,368.8,0
38738,0,368.84,0
38739,0,368.88,0
38740,0,368.92,0
38741,0,368.96,0
38742,0,369.0,0
38743,0,369.04,0
38744,0,369.08,0
38745,0,369.12,0
38746,0,369.16,0
38747,0,369.2,0
38748,0,369.24,0
38749,0,369.28,0
38750,0,369.32,0
38751,0,369.36,0
38752,0,369.4,0
38753,0,369.44,0
38754,0,369.48,0
38755,0,369.52,0
38756,0,369.56,0
38757,0,369.6,0
38759,0,369.64,0
38761,0,369.68,0
38763,0,369.72,0
38765,0,369.76,0
38767,0,369.8,0
38769,0,369.84,0
38771,0,369.88,0
38773,0,369.92,0
38775,0,369.96,0
38777,0,370.0,0
38779,0,370.04,0
38781,0,370.08,0
38783,0,370.12,0
38785,0,370.16,0
38787,0,370.2,0
38789,0,370.24,0
38791,0,370.28,0
38793,0,370.32,0
38795,0,370.36,0
38797,0,370.4,0
38799,0,370.44,0
38801,0,370.48,0
38803,0,370.52,0
38805,0,370.56,0
38807,0,370.6,0
38809,0,370.64,0
38811,0,370.68,0
38813,0,370.72,0
38815,0,370.76,0
38817,0,370.8,0
38819,0,370.84,0
38821,0,370.88,0
38823,0,370.92,0
38825,0,370.96,0
38827,0,371.0,0
38829,0,371.04,0
38831,0,371.08,0
38833,0,371.12,0
38835,0,371.16,0
38837,0,371.2,0
38839,0,371.24,0
38841,0,371.28,0
38843,0,371.32,0
38845,0,371.36,0
38847,0,371.4,0
38849,0,371.44,0
38851,0,371.48,0
38853,0,371.52,0
38855,0,371.56,0
38857,0,371.6,0
38859,0,371.64,0
38861,0,371.68,0
38863,0,371.72,0
38865,0,371.76,0
38867,0,371.8,0
38869,0,371.84,0
38871,0,371.88,0
38873,0,371.92,0
38875,0,371.96,0
38877,0,372.0,0
38879,0,372.04,0
38881,0,372.08,0
38883,0,372.12,0
38885,0,372.16,0
38887,0,372.2,0
38889,0,372.24,0
38891,0,372.28,0
38893,0,372.32,0
38895,0,372.36,0
38897,0,372.4,0
38899,0,372.44,0
38901,0,372.48,0
38903,0,372.52,0
38905,0,372.56,0
38907,0,372.6,0
38909,0,372.64,0
38911,0,372.68,0
38913,0,372.72,0
38915,0,372.76,0
38917,0,372.8,0
38919,0,372.84,0
38921,0,372.88,0
38923,0,372.92,0
38925,0,372.96,0
38927,0,373.0,0
38929,0,373.04,0
38931,0,373.08,0
38933,0,373.12,0
38935,0,373.16,0
38937,0,373.2,0
38939,0,373.24,0
38941,0,373.28,0
38943,0,373.32,0
38945,0,373.36,0
38947,0,373.4,0
38949,0,373.44,0
38951,0,373.48,0
38953,0,373.52,0
38955,0,373.56,0
38957,0,373.6,0
38959,0,373.64,0
38961,0,373.68,0
38963,0,373.72,0
38965,0,373.76,0
38967,0,373.8,0
38969,0,373.84,0
38971,0,373.88,0
38973,0,373.92,0
38975,0,373.96,0
38977,0,374.0,0
38979,0,374.04,0
38981,0,374.08,0
38983,0,374.12,0
38985,0,374.16,0
38987,0,374.2,0
38989,0,374.24,0
38991,0,374.28,0
38993,0,374.32,0
38995,0,374.36,0
38997,0,374.4,0
38999,0,374.44,0
39001,0,374.48,0
39003,0,374.52,0
39005,0,374.56,0
39007,0,374.6,0
39009,0,374.64,0
39011,0,374.68,0
39013,0,374.72,0
39015,0,374.76,0
39017,0,374.8,0
39019,0,374.84,0
39021,0,374.88,0
39023,0,374.92,0
39025,0,374.96,0
39027,0,375.0,0
39029,0,375.04,0
39031,0,375.08,0
39033,0,375.12,0
39035,0,375.16,0
39037,0,375.2,0
39039,0,375.24,0
39041,0,375.28,0
39043,0,375.32,0
39045,0,375.36,0
39047,0,375.4,0
39049,0,375.44,0
39051,0,375.48,0
39053,0,375.52,0
39055,0,375.56,0
39057,0,375.6,0
39059,0,375.64,0
39061,0,375.68,0
39063,0,375.72,0
39065,0,375.76,0
39067,0,375.8,0
39069,0,375.84,0
39071,0,375.88,0
39073,0,375.92,0
39075,0,375.96,0
39077,0,376.0,0
39079,0,376.04,0
39081,0,376.08,0
39083,0,376.12,0
39085,0,376.16,0
39087,0,376.2,0
39089,0,376.24,0
39091,0,376.28,0
39093,0,376.32,0
39095,0,376.36,0
39097,0,376.4,0
39099,0,376.44,0
39101,0,376.48,0
39103,0,376.52,0
39105,0,376.56,0
39107,0,376.6,0
39109,0,376.64,0
39111,0,376.68,0
39113,0,376.72,0
39115,0,376.76,0
39117,0,376.8,0
39119,0,376.84,0
39121,0,376.88,0
39123,0,376.92,0
39125,0,376.96,0
39127,0,377.0,0
39129,0,377.04,0
39131,0,377.08,0
39133,0,377.12,0
39135,0,377.16,0
39137,0,377.2,0
39139,0,377.24,0
39141,0,377.28,0
39143,0,377.32,0
39145,0,377.36,0
39147,0,377.4,0
39149,0,377.44,0
39151,0,377.48,0
39153,0,377.52,0
39155,0,377.56,0
39157,0,377.6,0
39159,0,377.64,0
39161,0,377.68,0
39163,0,377.72,0
39165,0,377.76,0
39167,0,377.8,0
39169,0,377.84,0
39171,0,377.88,0
39173,0,377.92,0
39175,0,377.96,0
39177,0,378.0,0
39179,0,378.04,0
39181,0,378.08,0
39183,0,378.12,0
39185,0,378.16,0
39187,0,378.2,0
39189,0,378.24,0
39191,0,378.28,0
39193,0,378.32,0
39195,0,378.36,0
39197,0,378.4,0
39199,0,378.44,0
39201,0,378.48,0
39203,0,378.52,0
39205,0,378.56,0
39207,0,378.6,0
39209,0,378.64,0
39211,0,378.68,0
39213,0,378.72,0
39215,0,378.76,0
39217,0,378.8,0
39219,0,378.84,0
39221,0,378.88,0
39223,0,378.92,0
39225,0,378.96,0
39227,0,379.0,0
39229,0,379.04,0
39231,0,379.08,0
39233,0,379.12,0
39235,0,379.16,0
39237,0,379.2,0
39239,0,379.24,0
39241,0,379.28,0
39243,0,379.32,0
39245,0,379.36,0
39247,0,379.4,0
39249,0,379.44,0
39251,0,379.48,0
39253,0,379.52,0
39255,0,379.56,0
39257,0,379.6,0
39259,0,379.64,0
39261,0,379.68,0
39263,0,379.72,0
39265,0,379.76,0
39267,0,379.8,0
39269,0,379.84,0
39271,0,379.88,0
39273,0,379.92,0
39275,0,379.96,0
39277,0,380.0,0
39279,0,380.04,0
39281,0,380.08,0
39283,0,380.12,0
39285,0,380.16,0
39287,0,380.2,0
39289,0,380.24,0
39291,0,380.28,0
39293,0,380.32,0
39295,0,380.36,0
39297,0,380.4,0
39299,0,380.44,0
39301,0,380.48,0
39303,0,380.52,0
39305,0,380.56,0
39307,0,380.6,0
39309,0,380.64,0
39311,0,380.68,0
39313,0,380.72,0
39315,0,380.76,0
39317,0,380.8,0
39319,0,380.84,0
39321,0,380.88,0
39323,0,380.92,0
39325,0,380.96,0
39327,0,381.0,0
39329,0,381.04,0
39331,0,381.08,0
39333,0,381.12,0
39335,0,381.16,0
39337,0,381.2,0
39339,0,381.24,0
39341,0,381.28,0
39343,0,381.32,0
39345,0,381.36,0
39347,0,381.4,0
39349,0,381.44,0
39351,0,381.48,0
39353,0,381.52,0
39355,0,381.56,0
39357,0,381.6,0
39359,0,381.64,0
39361,0,381.68,0
39363,0,381.72,0
39365,0,381.76,0
39367,0,381.8,0
39369,0,381.84,0
39371,0,381.88,0
39373,0,381.92,0
39375,0,381.96,0
39377,0,382.0,0
39379,0,382.04,0
39381,0,382.08,0
39383,0,382.12,0
39385,0,382.16,0
39387,0,382.2,0
39389,0,382.24,0
39391,0,382.28,0
39393,0,382.32,0
39395,0,382.36,0
39397,0,382.4,0
39399,0,382.44,0
39401,0,382.48,0
39403,0,382.52,0
39405,0,382.56,0
39407,0,382.6,0
39409,0,382.64,0
39411,0,382.68,0
39413,0,382.72,0
39415,0,382.76,0
39417,0,382.8,0
39419,0,382.84,0
39421,0,382.88,0
39423,0,382.92,0
39425,0,382.96,0
39427,0,383.0,0
39429,0,383.04,0
39431,0,383.08,0
39433,0,383.12,0
39435,0,383.16,0
39437,0,383.2,0
39439,0,383.24,0
39441,0,383.28,0
39443,0,383.32,0
39445,0,383.36,0
39447,0,383.4,0
39449,0,383.44,0
39451,0,383.48,0
39453,0,383.52,0
39455,0,383.56,0
39457,0,383.6,0
39459,0,383.64,0
39461,0,383.68,0
39463,0,383.72,0
39465,0,383.76,0
39467,0,383.8,0
39469,0,383.84,0
39471,0,383.88,0
39473,0,383.92,0
39475,0,383.96,0
39477,0,384.0,0
39479,0,384.04,0
39481,0,384.08,0
39483,0,384.12,0
39485,0,384.16,0
39487,0,384.2,0
39489,0,384.24,0
39491,0,384.28,0
39493,0,384.32,0
39495,0,384.36,0
39497,0,384.4,0
39499,0,384.44,0
39501,0,384.48,0
39503,0,384.52,0
39505,0,384.56,0
39507,0,384.6,0
39509,0,384.64,0
39511,0,384.68,0
39513,0,384.72,0
39515,0,384.76,0
39517,0,384.8,0
39519,0,384.84,0
39521,0,384.88,0
39523,0,384.92,0
39525,0,384.96,0
39527,0,385.0,0
39529,0,385.04,0
39531,0,385.08,0
39533,0,385.12,0
39535,0,385.16,0
39537,0,385.2,0
39539,0,385.24,0
39541,0,385.28,0
39543,0,385.32,0
39545,0,385.36,0
39547,0,385.4,0
39549,0,385.44,0
39551,0,385.48,0
39553,0,385.52,0
39555,0,385.56,0
39557,0,385.6,0
39559,0,385.64,0
39561,0,385.68,0
39563,0,385.72,0
39565,0,385.76,0
39567,0,385.8,0
39569,0,385.84,0
39571,0,385.88,0
39573,0,385.92,0
39575,0,385.96,0
39577,0,386.0,0
39579,0,386.04,0
39581,0,386.08,0
39583,0,386.12,0
39585,0,386.16,0
39587,0,386.2,0
39589,0,386.24,0
39591,0,386.28,0
39593,0,386.32,0
39595,0,386.36,0
39597,0,386.4,0
39599,0,386.44,0
39601,0,386.48,0
39603,0,386.52,0
39605,0,386.56,0
39607,0,386.6,0
39609,0,386.64,0
39611,0,386.68,0
39613,0,386.72,0
39615,0,386.76,0
39617,0,386.8,0
39619,0,386.84,0
39621,0,386.88,0
39623,0,386.92,0
39625,0,386.96,0
39627,0,387.0,0
39629,0,387.04,0
39631,0,387.08,0
39633,0,387.12,0
39635,0,387.16,0
39637,0,387.2,0
39639,0,387.24,0
39641,0,387.28,0
39643,0,387.32,0
39645,0,387.36,0
39647,0,387.4,0
39649,0,387.44,0
39651,0,387.48,0
39653,0,387.52,0
39655,0,387.56,0
39657,0,387.6,0
39659,0,387.64,0
39661,0,387.68,0
39663,0,387.72,0
39665,0,387.76,0
39667,0,387.8,0
39669,0,387.84,0
39671,0,387.88,0
39673,0,387.92,0
39675,0,387.96,0
39677,0,388.0,0
39679,0,388.04,0
39681,0,388.08,0
39683,0,388.12,0
39685,0,388.16,0
39687,0,388.2,0
39689,0,388.24,0
39691,0,388.28,0
39693,0,388.32,0
39695,0,388.36,0
39697,0,388.4,0
39699,0,388.44,0
39701,0,388.48,0
39703,0,388.52,0
39705,0,388.56,0
39707,0,388.6,0
39709,0,388.64,0
39711,0,388.68,0
39713,0,388.72,0
39715,0,388.76,0
39717,0,388.8,0
39719,0,388.84,0
39721,0,388.88,0
39723,0,388.92,0
39725,0,388.96,0
39727,0,389.0,0
39729,0,389.04,0
39731,0,389.08,0
39733,0,389.12,0
39735,0,389.16,0
39737,0,389.2,0
39739,0,389.24,0
39741,0,389.28,0
39743,0,389.32,0
39745,0,389.36,0
39747,0,389.4,0
39749,0,389.44,0
39751,0,389.48,0
39753,0,389.52,0
39755,0,389.56,0
39757,0,389.6,0
39759,0,389.64,0
39761,0,389.68,0
39763,0,389.72,0
39765,0,389.76,0
39767,0,389.8,0
39769,0,389.84,0
39771,0,389.88,0
39773,0,389.92,0
39775,0,389.96,0
39777,0,390.0,0
39779,0,390.04,0
39781,0,390.08,0
39783,0,390.12,0
39785,0,390.16,0
39787,0,390.2,0
39789,0,390.24,0
39791,0,390.28,0
39793,0,390.32,0
39795,0,390.36,0
39798,0,390.4,0
39801,0,390.44,0
39804,0,390.48,0
39807,0,390.52,0
39810,0,390.56,0
39813,0,390.6,0
39816,0,390.64,0
39819,0,390.68,0
39822,0,390.72,0
39825,0,390.76,0
39828,0,390.8,0
39831,0,390.84,0
39834,0,390.88,0
39837,0,390.92,0
39840,0,390.96,0
39843,0,391.0,0
39846,0,391.04,0
39849,0,391.08,0
39852,0,391.12,0
39855,0,391.16,0
39858,0,391.2,0
39861,0,391.24,0
39864,0,391.28,0
39867,0,391.32,0
39870,0,391.36,0
39873,0,391.4,0
39876,0,391.44,0
39879,0,391.48,0
39882,0,391.52,0
39885,0,391.56,0
39888,0,391.6,0
39891,0,391.64,0
39894,0,391.68,0
39897,0,391.72,0
39900,0,391.76,0
39904,0,391.8,0
39908,0,391.84,0
39912,0,391.88,0
39916,0,391.92,0
39920,0,391.96,0
39924,0,392.0,0
39928,0,392.04,0
39932,0,392.08,0
39936,0,392.12,0
39940,0,392.16,0
39944,0,392.2,0
39948,0,392.24,0
39952,0,392.28,0
39956,0,392.32,0
39960,0,392.36,0
39964,0,392.4,0
39967,0,392.44,0
39970,0,392.48,0
39973,0,392.52,0
39976,0,392.56,0
39979,0,392.6,0
44578,0,398.64,0
44581,0,398.68,0
44584,0,398.72,0
44587,0,398.76,0
44590,0,398.8,0
44594,0,398.84,0
44598,0,398.88,0
44602,0,398.92,0
44606,0,398.96,0
44610,0,399.0,0
44614,0,399.04,0
44618,0,399.08,0
44622,0,399.12,0
44627,0,399.16,0
44631,0,399.2,0
44635,0,399.24,0
44639,0,399.28,0
44643,0,399.32,0
44647,0,399.36,0
44651,0,399.4,0
44655,0,399.44,0
44659,0,399.48,0
44663,0,399.52,0
44667,0,399.56,0
44671,0,399.6,0
44675,0,399.64,0
44679,0,399.68,0
44683,0,399.72,0
44687,0,399.76,0
44691,0,399.8,0
44695,0,399.84,0
44699,0,399.88,0
44703,0,399.92,0
44707,0,399.96,0
44711,0,400.0,0
44715,0,400.04,0
44719,0,400.08,0
44723,0,400.12,0
44727,0,400.16,0
44732,0,400.2,0
44737,0,400.24,0
44742,0,400.28,0
44747,0,400.32,0
44752,0,400.36,0
44757,0,400.4,0
44762,0,400.44,0
44767,0,400.48,0
44772,0,400.52,0
44777,0,400.56,0
44782,0,400.6,0
44787,0,400.64,0
44791,0,400.68,0
44795,0,400.72,0
44801,0,400.76,0
44808,0,400.8,0
44815,0,400.84,0
44822,0,400.88,0
44829,0,400.92,0
44836,0,400.96,0
44842,0,401.0,0
44848,0,401.04,0
44854,0,401.08,0
44860,0,401.12,0
44866,0,401.16,0
44872,0,401.2,0
44878,0,401.24,0
44884,0,401.28,0
44889,0,401.32,0
44894,0,401.36,0
44899,0,401.4,0
44904,0,401.44,0
44909,0,401.48,0
44914,0,401.52,0
44919,0,401.56,0
44924,0,401.6,0
44929,0,401.64,0
44934,0,401.68,0
44939,0,401.72,0
44944,0,401.76,0
44949,0,401.8,0
44954,0,401.84,0
46101,0,398.6,0
48595,0,401.88,0
48599,0,401.92,0
48603,0,401.96,0
48607,0,402.0,0
48611,0,402.04,0
48615,0,402.08,0
48619,0,402.12,0
48623,0,402.16,0
48627,0,402.2,0
48631,0,402.24,0
48635,0,402.28,0
48639,0,402.32,0
48643,0,402.36,0
48647,0,402.4,0
48651,0,402.44,0
48655,0,402.48,0
48659,0,402.52,0
48663,0,402.56,0
48667,0,402.6,0
48671,0,402.64,0
50087,0,402.68,0
50089,0,402.72,0
50091,0,402.76,0
50093,0,402.8,0
51941,0,402.84,0
51942,0,402.88,0
51943,0,402.92,0
51944,0,402.96,0
51945,0,403.0,0
51946,0,403.04,0
51947,0,403.08,0
51948,0,403.12,0
51949,0,403.16,0
51950,0,403.2,0
51951,0,403.24,0
51952,0,403.28,0
51953,0,403.32,0
51954,0,403.36,0
51955,0,403.4,0
51956,0,403.44,0
53592,0,404.96,0
53595,0,405.0,0
53598,0,405.04,0
53601,0,405.08,0
53604,0,405.12,0
53607,0,405.16,0
53610,0,405.2,0
53613,0,405.24,0
53616,0,405.28,0
53619,0,405.32,0
53622,0,405.36,0
53625,0,405.4,0
53628,0,405.44,0
53631,0,405.48,0
53634,0,405.52,0
53637,0,405.56,0
53640,0,405.6,0
53643,0,405.64,0
53646,0,405.68,0
53649,0,405.72,0
53652,0,405.76,0
53655,0,405.8,0
53658,0,405.84,0
53661,0,405.88,0
53664,0,405.92,0
53666,0,405.96,0
53668,0,406.0,0
53671,0,406.04,0
53674,0,406.08,0
53677,0,406.12,0
53680,0,406.16,0
53683,0,406.2,0
53686,0,406.24,0
53872,0,404.76,0
53874,0,404.8,0
53876,0,404.84,0
53878,0,404.88,0
53880,0,404.92,0
53882,0,406.28,0
53884,0,406.32,0
53886,0,406.36,0
53888,0,406.4,0
53890,0,406.44,0
53892,0,406.48,0
53894,0,406.52,0
53896,0,406.56,0
53898,0,406.6,0
53900,0,406.64,0
53902,0,406.68,0
53904,0,406.72,0
53906,0,406.76,0
53909,0,406.8,0
53912,0,406.84,0
53915,0,406.88,0
53918,0,406.92,0
53921,0,406.96,0
53924,0,407.0,0
53927,0,407.04,0
53929,0,407.08,0
53931,0,407.12,0
53933,0,407.16,0
53935,0,407.2,0
53937,0,407.24,0
53939,0,407.28,0
53941,0,407.32,0
53943,0,407.36,0
53945,0,407.4,0
53947,0,407.44,0
53949,0,407.48,0
53951,0,407.52,0
53955,0,404.64,0
53956,0,404.68,0
53957,0,404.72,0
54154,0,407.56,0
54155,0,407.6,0
54156,0,407.64,0
54157,0,407.68,0
54158,0,407.72,0
54159,0,407.76,0
54160,0,407.8,0
54161,0,407.84,0
54162,0,407.88,0
54163,0,407.92,0
54164,0,407.96,0
54165,0,408.0,0
54166,0,408.04,0
54167,0,408.08,0
54169,0,408.12,0
54171,0,408.16,0
54173,0,408.2,0
54175,0,408.24,0
54177,0,408.28,0
54179,0,408.32,0
54181,0,408.36,0
54183,0,408.4,0
54185,0,408.44,0
54187,0,408.48,0
55725,0,408.52,0
55726,0,408.56,0
55727,0,408.6,0
55728,0,408.64,0
55729,0,408.68,0
55730,0,408.72,0
55731,0,408.76,0
55732,0,408.8,0
55733,0,408.84,0
55734,0,408.88,0
55735,0,408.92,0
55736,0,408.96,0
55737,0,409.0,0
55738,0,409.04,0
55739,0,409.08,0
55740,0,409.12,0
55741,0,409.16,0
55742,0,409.2,0
55743,0,409.24,0
55744,0,409.28,0
55745,0,409.32,0
55746,0,409.36,0
55747,0,409.4,0
55748,0,409.44,0
55749,0,409.48,0
55750,0,409.52,0
55751,0,409.56,0
55752,0,409.6,0
55753,0,409.64,0
55754,0,409.68,0
55755,0,409.72,0
55756,0,409.76,0
55757,0,409.8,0
55758,0,409.84,0
55759,0,409.88,0
55760,0,409.92,0
55761,0,409.96,0
55762,0,410.0,0
55763,0,410.04,0
55764,0,410.08,0
55765,0,410.12,0
55766,0,410.16,0
55767,0,410.2,0
55768,0,410.24,0
55769,0,410.28,0
55770,0,410.32,0
55771,0,410.36,0
55772,0,410.4,0
55773,0,410.44,0
55783,0,438.56,0
55786,0,438.6,0
55789,0,438.64,0
55792,0,438.68,0
55795,0,438.72,0
55798,0,438.76,0
55801,0,438.8,0
55804,0,438.84,0
55807,0,438.88,0
55810,0,438.92,0
55813,0,438.96,0
55816,0,439.0,0
55819,0,439.04,0
55822,0,439.08,0
55825,0,439.12,0
55828,0,439.16,0
55831,0,439.2,0
55834,0,439.24,0
55837,0,439.28,0
55840,0,439.32,0
55843,0,439.36,0
55846,0,439.4,0
55849,0,439.44,0
55852,0,439.48,0
55855,0,439.52,0
55858,0,439.56,0
55861,0,439.6,0
55864,0,439.64,0
55867,0,439.68,0
55870,0,439.72,0
55873,0,439.76,0
55876,0,439.8,0
55879,0,439.84,0
55882,0,439.88,0
55885,0,439.92,0
55887,0,439.96,0
55889,0,440.0,0
55891,0,440.04,0
55893,0,440.08,0
55895,0,440.12,0
55897,0,440.16,0
55899,0,440.2,0
55901,0,440.24,0
55903,0,440.28,0
55905,0,440.32,0
55907,0,440.36,0
55909,0,440.4,0
55911,0,440.44,0
55913,0,440.48,0
55915,0,440.52,0
55917,0,440.56,0
55919,0,440.6,0
55921,0,440.64,0
55923,0,440.68,0
57431,0,435.88,0
57433,0,435.92,0
57435,0,435.96,0
57437,0,436.0,0
57439,0,436.04,0
57441,0,436.08,0
57443,0,436.12,0
57445,0,436.16,0
57447,0,436.2,0
57449,0,436.24,0
57451,0,436.28,0
57453,0,436.32,0
57455,0,436.36,0
57457,0,436.4,0
57459,0,436.44,0
57461,0,436.48,0
57463,0,436.52,0
57465,0,436.56,0
57467,0,436.6,0
57469,0,436.64,0
57471,0,436.68,0
57473,0,436.72,0
57474,0,436.76,0
57475,0,436.8,0
57476,0,436.84,0
57477,0,436.88,0
57478,0,436.92,0
57479,0,436.96,0
57481,0,437.0,0
57483,0,437.04,0
57485,0,437.08,0
57487,0,437.12,0
57489,0,437.16,0
57491,0,437.2,0
57493,0,437.24,0
57495,0,437.28,0
57497,0,437.32,0
57499,0,437.36,0
57501,0,437.4,0
57503,0,437.44,0
57505,0,437.48,0
57507,0,437.52,0
57509,0,437.56,0
57511,0,437.6,0
57513,0,437.64,0
57515,0,437.68,0
57517,0,437.72,0
57519,0,437.76,0
57521,0,437.8,0
57523,0,437.84,0
57526,0,437.88,0
57529,0,437.92,0
57532,0,437.96,0
57535,0,438.0,0
57538,0,438.04,0
57541,0,438.08,0
57544,0,438.12,0
57547,0,438.16,0
57550,0,438.2,0
57553,0,438.24,0
57555,0,438.28,0
57558,0,438.32,0
57627,0,438.36,0
57629,0,438.4,0
57631,0,438.44,0
57633,0,438.48,0
57635,0,438.52,0
57712,0,435.68,0
57713,0,435.72,0
57714,0,435.76,0
57715,0,435.8,0
57716,0,435.84,0
